,false_positive_rate,true_positive_rate,auc,accuracy,sensitivity,specificity,precision,recall,f1,mcc
0,0.0,0.0,0.9978866500946617,0.9856016731016731,0.9927606177606177,0.9784427284427284,0.9787470261697065,0.9927606177606177,0.9857040172510183,0.9713029108039147
1,0.0,0.00016087516087516087,,,,,,,,
2,0.0,0.0028957528957528956,,,,,,,,
3,0.0,0.0032175032175032173,,,,,,,,
4,0.0,0.0035392535392535394,,,,,,,,
5,0.0,0.003861003861003861,,,,,,,,
6,0.0,0.008848133848133849,,,,,,,,
7,0.0,0.00933075933075933,,,,,,,,
8,0.0,0.009813384813384814,,,,,,,,
9,0.0,0.010135135135135136,,,,,,,,
10,0.0,0.01817889317889318,,,,,,,,
11,0.0,0.01866151866151866,,,,,,,,
12,0.0,0.02043114543114543,,,,,,,,
13,0.0,0.020752895752895753,,,,,,,,
14,0.0,0.02171814671814672,,,,,,,,
15,0.0,0.02203989703989704,,,,,,,,
16,0.0,0.023487773487773488,,,,,,,,
17,0.0,0.023809523809523808,,,,,,,,
18,0.0,0.02413127413127413,,,,,,,,
19,0.0,0.02445302445302445,,,,,,,,
20,0.0,0.0259009009009009,,,,,,,,
21,0.0,0.026222651222651223,,,,,,,,
22,0.0,0.026866151866151867,,,,,,,,
23,0.0,0.027187902187902187,,,,,,,,
24,0.0,0.028474903474903474,,,,,,,,
25,0.0,0.028796653796653797,,,,,,,,
26,0.0,0.030244530244530245,,,,,,,,
27,0.0,0.03088803088803089,,,,,,,,
28,0.0,0.03346203346203346,,,,,,,,
29,0.0,0.033783783783783786,,,,,,,,
30,0.0,0.036196911196911194,,,,,,,,
31,0.0,0.03684041184041184,,,,,,,,
32,0.0,0.042631917631917635,,,,,,,,
33,0.0,0.04295366795366795,,,,,,,,
34,0.0,0.043758043758043756,,,,,,,,
35,0.0,0.04407979407979408,,,,,,,,
36,0.0,0.04617117117117117,,,,,,,,
37,0.0,0.04665379665379665,,,,,,,,
38,0.0,0.04777992277992278,,,,,,,,
39,0.0,0.048101673101673105,,,,,,,,
40,0.0,0.05003217503217503,,,,,,,,
41,0.0,0.050353925353925355,,,,,,,,
42,0.0,0.05308880308880309,,,,,,,,
43,0.0,0.05357142857142857,,,,,,,,
44,0.0,0.055984555984555984,,,,,,,,
45,0.0,0.05662805662805663,,,,,,,,
46,0.0,0.058236808236808234,,,,,,,,
47,0.0,0.05855855855855856,,,,,,,,
48,0.0,0.05936293436293436,,,,,,,,
49,0.0,0.059684684684684686,,,,,,,,
50,0.0,0.060810810810810814,,,,,,,,
51,0.0,0.06113256113256113,,,,,,,,
52,0.0,0.06322393822393822,,,,,,,,
53,0.0,0.06386743886743887,,,,,,,,
54,0.0,0.06418918918918919,,,,,,,,
55,0.0,0.06451093951093952,,,,,,,,
56,0.0,0.06965894465894466,,,,,,,,
57,0.0,0.06998069498069498,,,,,,,,
58,0.0,0.07062419562419563,,,,,,,,
59,0.0,0.07094594594594594,,,,,,,,
60,0.0,0.0719111969111969,,,,,,,,
61,0.0,0.07223294723294724,,,,,,,,
62,0.0,0.07432432432432433,,,,,,,,
63,0.0,0.07464607464607464,,,,,,,,
64,0.0,0.07480694980694981,,,,,,,,
65,0.0,0.07512870012870013,,,,,,,,
66,0.0,0.0768983268983269,,,,,,,,
67,0.0,0.07722007722007722,,,,,,,,
68,0.0,0.07786357786357787,,,,,,,,
69,0.0,0.07818532818532818,,,,,,,,
70,0.0,0.0814028314028314,,,,,,,,
71,0.0,0.08172458172458172,,,,,,,,
72,0.0,0.08220720720720721,,,,,,,,
73,0.0,0.08252895752895753,,,,,,,,
74,0.0,0.0826898326898327,,,,,,,,
75,0.0,0.08301158301158301,,,,,,,,
76,0.0,0.08494208494208494,,,,,,,,
77,0.0,0.08526383526383527,,,,,,,,
78,0.0,0.08574646074646075,,,,,,,,
79,0.0,0.08606821106821107,,,,,,,,
80,0.0,0.08671171171171171,,,,,,,,
81,0.0,0.08735521235521236,,,,,,,,
82,0.0,0.08815958815958816,,,,,,,,
83,0.0,0.08848133848133848,,,,,,,,
84,0.0,0.08864221364221364,,,,,,,,
85,0.0,0.08896396396396396,,,,,,,,
86,0.0,0.08976833976833977,,,,,,,,
87,0.0,0.09009009009009009,,,,,,,,
88,0.0,0.09153796653796654,,,,,,,,
89,0.0,0.09218146718146718,,,,,,,,
90,0.0,0.09266409266409266,,,,,,,,
91,0.0,0.09298584298584299,,,,,,,,
92,0.0,0.09314671814671814,,,,,,,,
93,0.0,0.09379021879021879,,,,,,,,
94,0.0,0.09861647361647362,,,,,,,,
95,0.0,0.09925997425997427,,,,,,,,
96,0.0,0.10086872586872588,,,,,,,,
97,0.0,0.10119047619047619,,,,,,,,
98,0.0,0.10199485199485199,,,,,,,,
99,0.0,0.10231660231660232,,,,,,,,
100,0.0,0.10633848133848134,,,,,,,,
101,0.0,0.10666023166023166,,,,,,,,
102,0.0,0.10794723294723295,,,,,,,,
103,0.0,0.10826898326898327,,,,,,,,
104,0.0,0.11003861003861004,,,,,,,,
105,0.0,0.11036036036036036,,,,,,,,
106,0.0,0.11196911196911197,,,,,,,,
107,0.0,0.1122908622908623,,,,,,,,
108,0.0,0.11325611325611326,,,,,,,,
109,0.0,0.11357786357786358,,,,,,,,
110,0.0,0.11406048906048906,,,,,,,,
111,0.0,0.11438223938223938,,,,,,,,
112,0.0,0.11534749034749035,,,,,,,,
113,0.0,0.11599099099099099,,,,,,,,
114,0.0,0.11743886743886744,,,,,,,,
115,0.0,0.11808236808236808,,,,,,,,
116,0.0,0.11888674388674389,,,,,,,,
117,0.0,0.1192084942084942,,,,,,,,
118,0.0,0.1212998712998713,,,,,,,,
119,0.0,0.12162162162162163,,,,,,,,
120,0.0,0.12258687258687259,,,,,,,,
121,0.0,0.12290862290862291,,,,,,,,
122,0.0,0.12339124839124839,,,,,,,,
123,0.0,0.1237129987129987,,,,,,,,
124,0.0,0.12532175032175033,,,,,,,,
125,0.0,0.1262870012870013,,,,,,,,
126,0.0,0.12709137709137708,,,,,,,,
127,0.0,0.1274131274131274,,,,,,,,
128,0.0,0.1287001287001287,,,,,,,,
129,0.0,0.12902187902187903,,,,,,,,
130,0.0,0.13046975546975548,,,,,,,,
131,0.0,0.13079150579150578,,,,,,,,
132,0.0,0.13256113256113256,,,,,,,,
133,0.0,0.13288288288288289,,,,,,,,
134,0.0,0.13384813384813385,,,,,,,,
135,0.0,0.13433075933075933,,,,,,,,
136,0.0,0.1348133848133848,,,,,,,,
137,0.0,0.13513513513513514,,,,,,,,
138,0.0,0.1365830115830116,,,,,,,,
139,0.0,0.13690476190476192,,,,,,,,
140,0.0,0.14157014157014158,,,,,,,,
141,0.0,0.14189189189189189,,,,,,,,
142,0.0,0.1426962676962677,,,,,,,,
143,0.0,0.14317889317889318,,,,,,,,
144,0.0,0.14478764478764478,,,,,,,,
145,0.0,0.1451093951093951,,,,,,,,
146,0.0,0.14655727155727155,,,,,,,,
147,0.0,0.14687902187902188,,,,,,,,
148,0.0,0.14736164736164736,,,,,,,,
149,0.0,0.1476833976833977,,,,,,,,
150,0.0,0.14848777348777348,,,,,,,,
151,0.0,0.1488095238095238,,,,,,,,
152,0.0,0.15025740025740025,,,,,,,,
153,0.0,0.15057915057915058,,,,,,,,
154,0.0,0.15283140283140284,,,,,,,,
155,0.0,0.15315315315315314,,,,,,,,
156,0.0,0.15427927927927929,,,,,,,,
157,0.0,0.15492277992277992,,,,,,,,
158,0.0,0.1574967824967825,,,,,,,,
159,0.0,0.1578185328185328,,,,,,,,
160,0.0,0.15942728442728443,,,,,,,,
161,0.0,0.15974903474903476,,,,,,,,
162,0.0,0.1616795366795367,,,,,,,,
163,0.0,0.16232303732303732,,,,,,,,
164,0.0,0.16425353925353925,,,,,,,,
165,0.0,0.1648970398970399,,,,,,,,
166,0.0,0.16586229086229087,,,,,,,,
167,0.0,0.16618404118404118,,,,,,,,
168,0.0,0.16763191763191762,,,,,,,,
169,0.0,0.16795366795366795,,,,,,,,
170,0.0,0.17213642213642213,,,,,,,,
171,0.0,0.17245817245817247,,,,,,,,
172,0.0,0.17422779922779924,,,,,,,,
173,0.0,0.17454954954954954,,,,,,,,
174,0.0,0.17583655083655084,,,,,,,,
175,0.0,0.17648005148005147,,,,,,,,
176,0.0,0.17664092664092665,,,,,,,,
177,0.0,0.17728442728442728,,,,,,,,
178,0.0,0.17824967824967825,,,,,,,,
179,0.0,0.17857142857142858,,,,,,,,
180,0.0,0.18034105534105535,,,,,,,,
181,0.0,0.18066280566280565,,,,,,,,
182,0.0,0.18532818532818532,,,,,,,,
183,0.0,0.18564993564993565,,,,,,,,
184,0.0,0.1916023166023166,,,,,,,,
185,0.0,0.1919240669240669,,,,,,,,
186,0.0,0.19401544401544402,,,,,,,,
187,0.0,0.19433719433719435,,,,,,,,
188,0.0,0.1957850707850708,,,,,,,,
189,0.0,0.1961068211068211,,,,,,,,
190,0.0,0.19642857142857142,,,,,,,,
191,0.0,0.19675032175032175,,,,,,,,
192,0.0,0.19723294723294724,,,,,,,,
193,0.0,0.19755469755469757,,,,,,,,
194,0.0,0.19771557271557272,,,,,,,,
195,0.0,0.19803732303732305,,,,,,,,
196,0.0,0.1981981981981982,,,,,,,,
197,0.0,0.19851994851994853,,,,,,,,
198,0.0,0.19884169884169883,,,,,,,,
199,0.0,0.19916344916344916,,,,,,,,
200,0.0,0.20012870012870013,,,,,,,,
201,0.0,0.20045045045045046,,,,,,,,
202,0.0,0.20447232947232946,,,,,,,,
203,0.0,0.2047940797940798,,,,,,,,
204,0.0,0.20785070785070786,,,,,,,,
205,0.0,0.20817245817245816,,,,,,,,
206,0.0,0.21444658944658945,,,,,,,,
207,0.0,0.21476833976833976,,,,,,,,
208,0.0,0.21621621621621623,,,,,,,,
209,0.0,0.21653796653796653,,,,,,,,
210,0.0,0.21975546975546975,,,,,,,,
211,0.0,0.22023809523809523,,,,,,,,
212,0.0,0.22072072072072071,,,,,,,,
213,0.0,0.22104247104247104,,,,,,,,
214,0.0,0.22136422136422138,,,,,,,,
215,0.0,0.22168597168597168,,,,,,,,
216,0.0,0.222007722007722,,,,,,,,
217,0.0,0.22232947232947234,,,,,,,,
218,0.0,0.22313384813384812,,,,,,,,
219,0.0,0.22345559845559845,,,,,,,,
220,0.0,0.22409909909909909,,,,,,,,
221,0.0,0.22442084942084942,,,,,,,,
222,0.0,0.22554697554697556,,,,,,,,
223,0.0,0.22586872586872586,,,,,,,,
224,0.0,0.23391248391248393,,,,,,,,
225,0.0,0.23423423423423423,,,,,,,,
226,0.0,0.24308236808236808,,,,,,,,
227,0.0,0.24372586872586874,,,,,,,,
228,0.0,0.24517374517374518,,,,,,,,
229,0.0,0.24549549549549549,,,,,,,,
230,0.0,0.24597812097812097,,,,,,,,
231,0.0,0.2462998712998713,,,,,,,,
232,0.0,0.24662162162162163,,,,,,,,
233,0.0,0.24823037323037322,,,,,,,,
234,0.0,0.24855212355212356,,,,,,,,
235,0.0,0.2487129987129987,,,,,,,,
236,0.0,0.24903474903474904,,,,,,,,
237,0.0,0.2508043758043758,,,,,,,,
238,0.0,0.2511261261261261,,,,,,,,
239,0.0,0.25128700128700127,,,,,,,,
240,0.0,0.2516087516087516,,,,,,,,
241,0.0,0.25353925353925355,,,,,,,,
242,0.0,0.25386100386100385,,,,,,,,
243,0.0,0.2565958815958816,,,,,,,,
244,0.0,0.25723938223938225,,,,,,,,
245,0.0,0.2585263835263835,,,,,,,,
246,0.0,0.2588481338481338,,,,,,,,
247,0.0,0.2611003861003861,,,,,,,,
248,0.0,0.26158301158301156,,,,,,,,
249,0.0,0.2619047619047619,,,,,,,,
250,0.0,0.26238738738738737,,,,,,,,
251,0.0,0.26270913770913773,,,,,,,,
252,0.0,0.2648005148005148,,,,,,,,
253,0.0,0.2651222651222651,,,,,,,,
254,0.0,0.26576576576576577,,,,,,,,
255,0.0,0.2660875160875161,,,,,,,,
256,0.0,0.26640926640926643,,,,,,,,
257,0.0,0.26673101673101673,,,,,,,,
258,0.0,0.26914414414414417,,,,,,,,
259,0.0,0.2694658944658945,,,,,,,,
260,0.0,0.2702702702702703,,,,,,,,
261,0.0,0.2705920205920206,,,,,,,,
262,0.0,0.27268339768339767,,,,,,,,
263,0.0,0.273005148005148,,,,,,,,
264,0.0,0.2746138996138996,,,,,,,,
265,0.0,0.27493564993564995,,,,,,,,
266,0.0,0.2754182754182754,,,,,,,,
267,0.0,0.27574002574002576,,,,,,,,
268,0.0,0.27863577863577865,,,,,,,,
269,0.0,0.27895752895752896,,,,,,,,
270,0.0,0.28008365508365507,,,,,,,,
271,0.0,0.28040540540540543,,,,,,,,
272,0.0,0.28153153153153154,,,,,,,,
273,0.0,0.28217503217503215,,,,,,,,
274,0.0,0.28265765765765766,,,,,,,,
275,0.0,0.28297940797940796,,,,,,,,
276,0.0,0.2849099099099099,,,,,,,,
277,0.0,0.28523166023166024,,,,,,,,
278,0.0,0.28587516087516085,,,,,,,,
279,0.0,0.2861969111969112,,,,,,,,
280,0.0,0.2873230373230373,,,,,,,,
281,0.0,0.2876447876447876,,,,,,,,
282,0.0,0.2882882882882883,,,,,,,,
283,0.0,0.2886100386100386,,,,,,,,
284,0.0,0.28893178893178895,,,,,,,,
285,0.0,0.28925353925353925,,,,,,,,
286,0.0,0.2944015444015444,,,,,,,,
287,0.0,0.2947232947232947,,,,,,,,
288,0.0,0.2948841698841699,,,,,,,,
289,0.0,0.2952059202059202,,,,,,,,
290,0.0,0.2981016731016731,,,,,,,,
291,0.0,0.29842342342342343,,,,,,,,
292,0.0,0.301962676962677,,,,,,,,
293,0.0,0.3022844272844273,,,,,,,,
294,0.0,0.3030888030888031,,,,,,,,
295,0.0,0.3034105534105534,,,,,,,,
296,0.0,0.31016731016731014,,,,,,,,
297,0.0,0.3104890604890605,,,,,,,,
298,0.0,0.3122586872586873,,,,,,,,
299,0.0,0.3125804375804376,,,,,,,,
300,0.0,0.31435006435006435,,,,,,,,
301,0.0,0.31467181467181465,,,,,,,,
302,0.0,0.32094594594594594,,,,,,,,
303,0.0,0.32126769626769625,,,,,,,,
304,0.0,0.3215894465894466,,,,,,,,
305,0.0,0.3219111969111969,,,,,,,,
306,0.0,0.32496782496782495,,,,,,,,
307,0.00016087516087516087,0.32496782496782495,,,,,,,,
308,0.00016087516087516087,0.32657657657657657,,,,,,,,
309,0.00016087516087516087,0.3268983268983269,,,,,,,,
310,0.00016087516087516087,0.328989703989704,,,,,,,,
311,0.00016087516087516087,0.3293114543114543,,,,,,,,
312,0.00016087516087516087,0.3322072072072072,,,,,,,,
313,0.00016087516087516087,0.3326898326898327,,,,,,,,
314,0.00016087516087516087,0.3404118404118404,,,,,,,,
315,0.00016087516087516087,0.3407335907335907,,,,,,,,
316,0.00016087516087516087,0.3436293436293436,,,,,,,,
317,0.00016087516087516087,0.34395109395109397,,,,,,,,
318,0.00016087516087516087,0.3473294723294723,,,,,,,,
319,0.00032175032175032174,0.3473294723294723,,,,,,,,
320,0.00032175032175032174,0.3474903474903475,,,,,,,,
321,0.00032175032175032174,0.3481338481338481,,,,,,,,
322,0.00032175032175032174,0.34861647361647363,,,,,,,,
323,0.00032175032175032174,0.3490990990990991,,,,,,,,
324,0.00032175032175032174,0.34974259974259975,,,,,,,,
325,0.00032175032175032174,0.35006435006435005,,,,,,,,
326,0.00032175032175032174,0.3516731016731017,,,,,,,,
327,0.00032175032175032174,0.3521557271557272,,,,,,,,
328,0.00032175032175032174,0.36084298584298585,,,,,,,,
329,0.00032175032175032174,0.36116473616473616,,,,,,,,
330,0.00032175032175032174,0.36196911196911197,,,,,,,,
331,0.00032175032175032174,0.36229086229086227,,,,,,,,
332,0.00032175032175032174,0.3692084942084942,,,,,,,,
333,0.00032175032175032174,0.3695302445302445,,,,,,,,
334,0.00032175032175032174,0.37081724581724584,,,,,,,,
335,0.00032175032175032174,0.37113899613899615,,,,,,,,
336,0.00032175032175032174,0.3717824967824968,,,,,,,,
337,0.00032175032175032174,0.3721042471042471,,,,,,,,
338,0.00032175032175032174,0.37258687258687256,,,,,,,,
339,0.00032175032175032174,0.3729086229086229,,,,,,,,
340,0.00032175032175032174,0.3732303732303732,,,,,,,,
341,0.00032175032175032174,0.37371299871299873,,,,,,,,
342,0.00032175032175032174,0.3761261261261261,,,,,,,,
343,0.00032175032175032174,0.3764478764478765,,,,,,,,
344,0.00032175032175032174,0.3807915057915058,,,,,,,,
345,0.00032175032175032174,0.38111325611325614,,,,,,,,
346,0.00032175032175032174,0.38674388674388677,,,,,,,,
347,0.00032175032175032174,0.38706563706563707,,,,,,,,
348,0.00032175032175032174,0.388996138996139,,,,,,,,
349,0.00032175032175032174,0.3893178893178893,,,,,,,,
350,0.00032175032175032174,0.3910875160875161,,,,,,,,
351,0.00032175032175032174,0.39140926640926643,,,,,,,,
352,0.00032175032175032174,0.3918918918918919,,,,,,,,
353,0.00032175032175032174,0.39253539253539255,,,,,,,,
354,0.00032175032175032174,0.39333976833976836,,,,,,,,
355,0.00032175032175032174,0.39366151866151866,,,,,,,,
356,0.00032175032175032174,0.3947876447876448,,,,,,,,
357,0.00032175032175032174,0.39510939510939513,,,,,,,,
358,0.00032175032175032174,0.3972007722007722,,,,,,,,
359,0.00032175032175032174,0.3975225225225225,,,,,,,,
360,0.00032175032175032174,0.4055662805662806,,,,,,,,
361,0.00032175032175032174,0.4058880308880309,,,,,,,,
362,0.00032175032175032174,0.4066924066924067,,,,,,,,
363,0.00032175032175032174,0.407014157014157,,,,,,,,
364,0.00032175032175032174,0.41087516087516085,,,,,,,,
365,0.00032175032175032174,0.4111969111969112,,,,,,,,
366,0.00032175032175032174,0.4148970398970399,,,,,,,,
367,0.00032175032175032174,0.4152187902187902,,,,,,,,
368,0.00032175032175032174,0.41795366795366795,,,,,,,,
369,0.00032175032175032174,0.41827541827541825,,,,,,,,
370,0.00032175032175032174,0.42117117117117114,,,,,,,,
371,0.00032175032175032174,0.4214929214929215,,,,,,,,
372,0.00032175032175032174,0.42454954954954954,,,,,,,,
373,0.00032175032175032174,0.42487129987129985,,,,,,,,
374,0.00032175032175032174,0.42535392535392536,,,,,,,,
375,0.00032175032175032174,0.42567567567567566,,,,,,,,
376,0.00032175032175032174,0.42712355212355213,,,,,,,,
377,0.00032175032175032174,0.4276061776061776,,,,,,,,
378,0.00032175032175032174,0.4288931788931789,,,,,,,,
379,0.00032175032175032174,0.4292149292149292,,,,,,,,
380,0.00032175032175032174,0.430019305019305,,,,,,,,
381,0.00032175032175032174,0.4303410553410553,,,,,,,,
382,0.00032175032175032174,0.43082368082368083,,,,,,,,
383,0.00032175032175032174,0.43114543114543114,,,,,,,,
384,0.00032175032175032174,0.43243243243243246,,,,,,,,
385,0.00032175032175032174,0.43275418275418276,,,,,,,,
386,0.00032175032175032174,0.4332368082368082,,,,,,,,
387,0.00032175032175032174,0.43355855855855857,,,,,,,,
388,0.00032175032175032174,0.43597168597168595,,,,,,,,
389,0.00032175032175032174,0.4362934362934363,,,,,,,,
390,0.00032175032175032174,0.43967181467181465,,,,,,,,
391,0.00032175032175032174,0.439993564993565,,,,,,,,
392,0.00032175032175032174,0.4407979407979408,,,,,,,,
393,0.00032175032175032174,0.4411196911196911,,,,,,,,
394,0.00032175032175032174,0.4432110682110682,,,,,,,,
395,0.00032175032175032174,0.4435328185328185,,,,,,,,
396,0.00032175032175032174,0.4473938223938224,,,,,,,,
397,0.00032175032175032174,0.4477155727155727,,,,,,,,
398,0.00032175032175032174,0.4491634491634492,,,,,,,,
399,0.00032175032175032174,0.44964607464607464,,,,,,,,
400,0.00032175032175032174,0.4506113256113256,,,,,,,,
401,0.00032175032175032174,0.4509330759330759,,,,,,,,
402,0.00032175032175032174,0.45736808236808235,,,,,,,,
403,0.00032175032175032174,0.4576898326898327,,,,,,,,
404,0.00032175032175032174,0.4650900900900901,,,,,,,,
405,0.00032175032175032174,0.4657335907335907,,,,,,,,
406,0.00032175032175032174,0.4732947232947233,,,,,,,,
407,0.00032175032175032174,0.47361647361647363,,,,,,,,
408,0.00032175032175032174,0.47619047619047616,,,,,,,,
409,0.00032175032175032174,0.4765122265122265,,,,,,,,
410,0.00032175032175032174,0.4790862290862291,,,,,,,,
411,0.00032175032175032174,0.4794079794079794,,,,,,,,
412,0.00032175032175032174,0.4803732303732304,,,,,,,,
413,0.00032175032175032174,0.4806949806949807,,,,,,,,
414,0.00032175032175032174,0.48182110682110685,,,,,,,,
415,0.00032175032175032174,0.48214285714285715,,,,,,,,
416,0.00032175032175032174,0.4826254826254826,,,,,,,,
417,0.00032175032175032174,0.48294723294723296,,,,,,,,
418,0.00032175032175032174,0.4848777348777349,,,,,,,,
419,0.00032175032175032174,0.4851994851994852,,,,,,,,
420,0.00032175032175032174,0.49533462033462033,,,,,,,,
421,0.00032175032175032174,0.49565637065637064,,,,,,,,
422,0.00032175032175032174,0.49726512226512226,,,,,,,,
423,0.00032175032175032174,0.49758687258687256,,,,,,,,
424,0.00032175032175032174,0.49983912483912485,,,,,,,,
425,0.00032175032175032174,0.5001608751608752,,,,,,,,
426,0.00032175032175032174,0.502895752895753,,,,,,,,
427,0.00032175032175032174,0.5032175032175032,,,,,,,,
428,0.00032175032175032174,0.5038610038610039,,,,,,,,
429,0.00032175032175032174,0.5041827541827542,,,,,,,,
430,0.00032175032175032174,0.5051480051480052,,,,,,,,
431,0.00032175032175032174,0.5054697554697555,,,,,,,,
432,0.00032175032175032174,0.5064350064350064,,,,,,,,
433,0.00032175032175032174,0.5067567567567568,,,,,,,,
434,0.00032175032175032174,0.5077220077220077,,,,,,,,
435,0.00032175032175032174,0.508043758043758,,,,,,,,
436,0.00032175032175032174,0.5083655083655083,,,,,,,,
437,0.00032175032175032174,0.5086872586872587,,,,,,,,
438,0.00032175032175032174,0.5088481338481339,,,,,,,,
439,0.00032175032175032174,0.5091698841698842,,,,,,,,
440,0.00032175032175032174,0.5117438867438867,,,,,,,,
441,0.00032175032175032174,0.512065637065637,,,,,,,,
442,0.00032175032175032174,0.5123873873873874,,,,,,,,
443,0.00032175032175032174,0.5127091377091377,,,,,,,,
444,0.00032175032175032174,0.5146396396396397,,,,,,,,
445,0.00032175032175032174,0.5151222651222651,,,,,,,,
446,0.00032175032175032174,0.5292792792792793,,,,,,,,
447,0.00032175032175032174,0.5296010296010296,,,,,,,,
448,0.00032175032175032174,0.5352316602316602,,,,,,,,
449,0.00032175032175032174,0.5355534105534105,,,,,,,,
450,0.00032175032175032174,0.5361969111969112,,,,,,,,
451,0.00032175032175032174,0.5365186615186616,,,,,,,,
452,0.00032175032175032174,0.5390926640926641,,,,,,,,
453,0.0008043758043758043,0.5390926640926641,,,,,,,,
454,0.0008043758043758043,0.5435971685971686,,,,,,,,
455,0.0008043758043758043,0.543918918918919,,,,,,,,
456,0.0008043758043758043,0.5452059202059202,,,,,,,,
457,0.0008043758043758043,0.5455276705276705,,,,,,,,
458,0.0008043758043758043,0.5484234234234234,,,,,,,,
459,0.0008043758043758043,0.5487451737451737,,,,,,,,
460,0.0008043758043758043,0.553088803088803,,,,,,,,
461,0.0008043758043758043,0.5534105534105535,,,,,,,,
462,0.0008043758043758043,0.5538931788931789,,,,,,,,
463,0.0008043758043758043,0.5542149292149292,,,,,,,,
464,0.0008043758043758043,0.5751287001287001,,,,,,,,
465,0.0008043758043758043,0.5754504504504504,,,,,,,,
466,0.0008043758043758043,0.5757722007722008,,,,,,,,
467,0.0008043758043758043,0.5760939510939511,,,,,,,,
468,0.0008043758043758043,0.5778635778635779,,,,,,,,
469,0.0008043758043758043,0.5781853281853282,,,,,,,,
470,0.0008043758043758043,0.5822072072072072,,,,,,,,
471,0.0008043758043758043,0.5825289575289575,,,,,,,,
472,0.0008043758043758043,0.5973294723294723,,,,,,,,
473,0.0009652509652509653,0.5973294723294723,,,,,,,,
474,0.0009652509652509653,0.5987773487773488,,,,,,,,
475,0.0009652509652509653,0.5990990990990991,,,,,,,,
476,0.0009652509652509653,0.6026383526383526,,,,,,,,
477,0.0011261261261261261,0.6026383526383526,,,,,,,,
478,0.0011261261261261261,0.6045688545688546,,,,,,,,
479,0.0011261261261261261,0.6048906048906049,,,,,,,,
480,0.0011261261261261261,0.6063384813384813,,,,,,,,
481,0.0011261261261261261,0.6066602316602316,,,,,,,,
482,0.0011261261261261261,0.6155083655083655,,,,,,,,
483,0.0011261261261261261,0.6158301158301158,,,,,,,,
484,0.0011261261261261261,0.62998712998713,,,,,,,,
485,0.0011261261261261261,0.6303088803088803,,,,,,,,
486,0.0011261261261261261,0.6684362934362934,,,,,,,,
487,0.0011261261261261261,0.6687580437580437,,,,,,,,
488,0.0011261261261261261,0.6821106821106822,,,,,,,,
489,0.001287001287001287,0.6821106821106822,,,,,,,,
490,0.001287001287001287,0.6906370656370656,,,,,,,,
491,0.001287001287001287,0.6909588159588159,,,,,,,,
492,0.001287001287001287,0.724903474903475,,,,,,,,
493,0.0014478764478764478,0.724903474903475,,,,,,,,
494,0.0014478764478764478,0.7311776061776062,,,,,,,,
495,0.0016087516087516086,0.7311776061776062,,,,,,,,
496,0.0016087516087516086,0.7313384813384813,,,,,,,,
497,0.0017696267696267697,0.7313384813384813,,,,,,,,
498,0.0017696267696267697,0.732947232947233,,,,,,,,
499,0.0017696267696267697,0.7332689832689833,,,,,,,,
500,0.0017696267696267697,0.7361647361647362,,,,,,,,
501,0.0017696267696267697,0.7364864864864865,,,,,,,,
502,0.0017696267696267697,0.7371299871299871,,,,,,,,
503,0.0017696267696267697,0.7374517374517374,,,,,,,,
504,0.0017696267696267697,0.7385778635778636,,,,,,,,
505,0.0017696267696267697,0.7388996138996139,,,,,,,,
506,0.0017696267696267697,0.7421171171171171,,,,,,,,
507,0.0017696267696267697,0.7424388674388674,,,,,,,,
508,0.0017696267696267697,0.7451737451737451,,,,,,,,
509,0.0019305019305019305,0.7451737451737451,,,,,,,,
510,0.0019305019305019305,0.7619047619047619,,,,,,,,
511,0.0019305019305019305,0.7622265122265123,,,,,,,,
512,0.0019305019305019305,0.7734877734877735,,,,,,,,
513,0.0020913770913770914,0.7734877734877735,,,,,,,,
514,0.0020913770913770914,0.7763835263835264,,,,,,,,
515,0.0020913770913770914,0.7767052767052767,,,,,,,,
516,0.0020913770913770914,0.7804054054054054,,,,,,,,
517,0.0022522522522522522,0.7804054054054054,,,,,,,,
518,0.0022522522522522522,0.7995495495495496,,,,,,,,
519,0.002574002574002574,0.7995495495495496,,,,,,,,
520,0.002574002574002574,0.8024453024453024,,,,,,,,
521,0.0027348777348777348,0.8024453024453024,,,,,,,,
522,0.0027348777348777348,0.8075933075933076,,,,,,,,
523,0.0028957528957528956,0.8075933075933076,,,,,,,,
524,0.0028957528957528956,0.814993564993565,,,,,,,,
525,0.0030566280566280564,0.814993564993565,,,,,,,,
526,0.0030566280566280564,0.8286679536679536,,,,,,,,
527,0.0030566280566280564,0.828989703989704,,,,,,,,
528,0.0030566280566280564,0.8291505791505791,,,,,,,,
529,0.0033783783783783786,0.8291505791505791,,,,,,,,
530,0.0033783783783783786,0.8315637065637066,,,,,,,,
531,0.0035392535392535394,0.8315637065637066,,,,,,,,
532,0.0035392535392535394,0.8394465894465895,,,,,,,,
533,0.0037001287001287003,0.8394465894465895,,,,,,,,
534,0.0037001287001287003,0.8413770913770914,,,,,,,,
535,0.004021879021879022,0.8413770913770914,,,,,,,,
536,0.004021879021879022,0.8455598455598455,,,,,,,,
537,0.004182754182754183,0.8455598455598455,,,,,,,,
538,0.004182754182754183,0.8489382239382239,,,,,,,,
539,0.004343629343629344,0.8489382239382239,,,,,,,,
540,0.004343629343629344,0.851994851994852,,,,,,,,
541,0.0045045045045045045,0.851994851994852,,,,,,,,
542,0.0045045045045045045,0.8545688545688546,,,,,,,,
543,0.004665379665379665,0.8545688545688546,,,,,,,,
544,0.004665379665379665,0.8571428571428571,,,,,,,,
545,0.004665379665379665,0.8574646074646075,,,,,,,,
546,0.004665379665379665,0.8622908622908623,,,,,,,,
547,0.004665379665379665,0.8626126126126126,,,,,,,,
548,0.004665379665379665,0.8632561132561133,,,,,,,,
549,0.004826254826254826,0.8632561132561133,,,,,,,,
550,0.004826254826254826,0.8643822393822393,,,,,,,,
551,0.004987129987129987,0.8643822393822393,,,,,,,,
552,0.004987129987129987,0.8743564993564994,,,,,,,,
553,0.005148005148005148,0.8743564993564994,,,,,,,,
554,0.005148005148005148,0.8788610038610039,,,,,,,,
555,0.005308880308880309,0.8788610038610039,,,,,,,,
556,0.005308880308880309,0.879021879021879,,,,,,,,
557,0.0054697554697554695,0.879021879021879,,,,,,,,
558,0.0054697554697554695,0.8791827541827542,,,,,,,,
559,0.00563063063063063,0.8791827541827542,,,,,,,,
560,0.00563063063063063,0.888030888030888,,,,,,,,
561,0.005791505791505791,0.888030888030888,,,,,,,,
562,0.005791505791505791,0.8914092664092664,,,,,,,,
563,0.005952380952380952,0.8914092664092664,,,,,,,,
564,0.005952380952380952,0.8951093951093951,,,,,,,,
565,0.006113256113256113,0.8951093951093951,,,,,,,,
566,0.006113256113256113,0.9049227799227799,,,,,,,,
567,0.006113256113256113,0.9052445302445302,,,,,,,,
568,0.006113256113256113,0.9083011583011583,,,,,,,,
569,0.006274131274131274,0.9083011583011583,,,,,,,,
570,0.006274131274131274,0.9107142857142857,,,,,,,,
571,0.006435006435006435,0.9107142857142857,,,,,,,,
572,0.006435006435006435,0.9211711711711712,,,,,,,,
573,0.006756756756756757,0.9211711711711712,,,,,,,,
574,0.006756756756756757,0.9239060489060489,,,,,,,,
575,0.006917631917631918,0.9239060489060489,,,,,,,,
576,0.006917631917631918,0.9245495495495496,,,,,,,,
577,0.007078507078507079,0.9245495495495496,,,,,,,,
578,0.007078507078507079,0.9287323037323038,,,,,,,,
579,0.0074002574002574005,0.9287323037323038,,,,,,,,
580,0.0074002574002574005,0.9333976833976834,,,,,,,,
581,0.007561132561132561,0.9333976833976834,,,,,,,,
582,0.007561132561132561,0.9356499356499357,,,,,,,,
583,0.007722007722007722,0.9356499356499357,,,,,,,,
584,0.007722007722007722,0.9467503217503217,,,,,,,,
585,0.007882882882882882,0.9467503217503217,,,,,,,,
586,0.007882882882882882,0.9470720720720721,,,,,,,,
587,0.008043758043758044,0.9470720720720721,,,,,,,,
588,0.008043758043758044,0.9473938223938224,,,,,,,,
589,0.008204633204633204,0.9473938223938224,,,,,,,,
590,0.008204633204633204,0.9478764478764479,,,,,,,,
591,0.008365508365508366,0.9478764478764479,,,,,,,,
592,0.008365508365508366,0.952059202059202,,,,,,,,
593,0.008526383526383526,0.952059202059202,,,,,,,,
594,0.008526383526383526,0.9525418275418276,,,,,,,,
595,0.008687258687258687,0.9525418275418276,,,,,,,,
596,0.008687258687258687,0.9527027027027027,,,,,,,,
597,0.008848133848133849,0.9527027027027027,,,,,,,,
598,0.008848133848133849,0.9555984555984556,,,,,,,,
599,0.009009009009009009,0.9555984555984556,,,,,,,,
600,0.009009009009009009,0.9562419562419563,,,,,,,,
601,0.00916988416988417,0.9562419562419563,,,,,,,,
602,0.009491634491634492,0.9562419562419563,,,,,,,,
603,0.009491634491634492,0.9567245817245817,,,,,,,,
604,0.009652509652509652,0.9567245817245817,,,,,,,,
605,0.009652509652509652,0.958976833976834,,,,,,,,
606,0.009813384813384814,0.958976833976834,,,,,,,,
607,0.009813384813384814,0.9642857142857143,,,,,,,,
608,0.009974259974259974,0.9642857142857143,,,,,,,,
609,0.009974259974259974,0.9644465894465895,,,,,,,,
610,0.010135135135135136,0.9644465894465895,,,,,,,,
611,0.010135135135135136,0.9654118404118404,,,,,,,,
612,0.010296010296010296,0.9654118404118404,,,,,,,,
613,0.010296010296010296,0.9657335907335908,,,,,,,,
614,0.010456885456885457,0.9657335907335908,,,,,,,,
615,0.010456885456885457,0.9663770913770914,,,,,,,,
616,0.010617760617760617,0.9663770913770914,,,,,,,,
617,0.010617760617760617,0.9671814671814671,,,,,,,,
618,0.010778635778635779,0.9671814671814671,,,,,,,,
619,0.010778635778635779,0.967985842985843,,,,,,,,
620,0.010939510939510939,0.967985842985843,,,,,,,,
621,0.010939510939510939,0.9681467181467182,,,,,,,,
622,0.0111003861003861,0.9681467181467182,,,,,,,,
623,0.0111003861003861,0.9686293436293436,,,,,,,,
624,0.01126126126126126,0.9686293436293436,,,,,,,,
625,0.01126126126126126,0.9697554697554698,,,,,,,,
626,0.011422136422136422,0.9697554697554698,,,,,,,,
627,0.011422136422136422,0.9702380952380952,,,,,,,,
628,0.011583011583011582,0.9702380952380952,,,,,,,,
629,0.011583011583011582,0.9718468468468469,,,,,,,,
630,0.011904761904761904,0.9718468468468469,,,,,,,,
631,0.011904761904761904,0.9745817245817245,,,,,,,,
632,0.012065637065637066,0.9745817245817245,,,,,,,,
633,0.012065637065637066,0.976029601029601,,,,,,,,
634,0.012226512226512226,0.976029601029601,,,,,,,,
635,0.012226512226512226,0.9776383526383526,,,,,,,,
636,0.012387387387387387,0.9776383526383526,,,,,,,,
637,0.012387387387387387,0.978925353925354,,,,,,,,
638,0.012548262548262547,0.978925353925354,,,,,,,,
639,0.012548262548262547,0.9792471042471043,,,,,,,,
640,0.01287001287001287,0.9792471042471043,,,,,,,,
641,0.01287001287001287,0.9795688545688546,,,,,,,,
642,0.013191763191763193,0.9795688545688546,,,,,,,,
643,0.013191763191763193,0.9805341055341056,,,,,,,,
644,0.013352638352638353,0.9805341055341056,,,,,,,,
645,0.013352638352638353,0.9811776061776062,,,,,,,,
646,0.013674388674388674,0.9811776061776062,,,,,,,,
647,0.013674388674388674,0.9818211068211068,,,,,,,,
648,0.013835263835263836,0.9818211068211068,,,,,,,,
649,0.013835263835263836,0.9827863577863578,,,,,,,,
650,0.013996138996138996,0.9827863577863578,,,,,,,,
651,0.013996138996138996,0.982947232947233,,,,,,,,
652,0.014317889317889318,0.982947232947233,,,,,,,,
653,0.014317889317889318,0.9831081081081081,,,,,,,,
654,0.01463963963963964,0.9831081081081081,,,,,,,,
655,0.01463963963963964,0.9843951093951094,,,,,,,,
656,0.015122265122265123,0.9843951093951094,,,,,,,,
657,0.015122265122265123,0.9845559845559846,,,,,,,,
658,0.015444015444015444,0.9845559845559846,,,,,,,,
659,0.015444015444015444,0.9847168597168597,,,,,,,,
660,0.015604890604890604,0.9847168597168597,,,,,,,,
661,0.015604890604890604,0.9848777348777349,,,,,,,,
662,0.015765765765765764,0.9848777348777349,,,,,,,,
663,0.015765765765765764,0.9851994851994852,,,,,,,,
664,0.01624839124839125,0.9851994851994852,,,,,,,,
665,0.01624839124839125,0.9855212355212355,,,,,,,,
666,0.016409266409266408,0.9855212355212355,,,,,,,,
667,0.016409266409266408,0.9861647361647362,,,,,,,,
668,0.01657014157014157,0.9861647361647362,,,,,,,,
669,0.01657014157014157,0.9863256113256114,,,,,,,,
670,0.016891891891891893,0.9863256113256114,,,,,,,,
671,0.016891891891891893,0.9876126126126126,,,,,,,,
672,0.01705276705276705,0.9876126126126126,,,,,,,,
673,0.01705276705276705,0.9884169884169884,,,,,,,,
674,0.017535392535392536,0.9884169884169884,,,,,,,,
675,0.017535392535392536,0.9888996138996139,,,,,,,,
676,0.017696267696267698,0.9888996138996139,,,,,,,,
677,0.017696267696267698,0.9893822393822393,,,,,,,,
678,0.018018018018018018,0.9893822393822393,,,,,,,,
679,0.018018018018018018,0.9898648648648649,,,,,,,,
680,0.01833976833976834,0.9898648648648649,,,,,,,,
681,0.01833976833976834,0.9903474903474904,,,,,,,,
682,0.0185006435006435,0.9903474903474904,,,,,,,,
683,0.0185006435006435,0.9906692406692407,,,,,,,,
684,0.018983268983268985,0.9906692406692407,,,,,,,,
685,0.018983268983268985,0.991956241956242,,,,,,,,
686,0.019144144144144143,0.991956241956242,,,,,,,,
687,0.019144144144144143,0.9922779922779923,,,,,,,,
688,0.02027027027027027,0.9922779922779923,,,,,,,,
689,0.02027027027027027,0.9925997425997426,,,,,,,,
690,0.021235521235521235,0.9925997425997426,,,,,,,,
691,0.021235521235521235,0.9927606177606177,,,,,,,,
692,0.021879021879021878,0.9927606177606177,,,,,,,,
693,0.021879021879021878,0.9929214929214929,,,,,,,,
694,0.02203989703989704,0.9929214929214929,,,,,,,,
695,0.02203989703989704,0.993082368082368,,,,,,,,
696,0.0222007722007722,0.993082368082368,,,,,,,,
697,0.0222007722007722,0.9932432432432432,,,,,,,,
698,0.022844272844272845,0.9932432432432432,,,,,,,,
699,0.022844272844272845,0.9935649935649936,,,,,,,,
700,0.023005148005148007,0.9935649935649936,,,,,,,,
701,0.023005148005148007,0.9940476190476191,,,,,,,,
702,0.023166023166023165,0.9940476190476191,,,,,,,,
703,0.023166023166023165,0.9942084942084942,,,,,,,,
704,0.023487773487773488,0.9942084942084942,,,,,,,,
705,0.023487773487773488,0.9945302445302445,,,,,,,,
706,0.02364864864864865,0.9945302445302445,,,,,,,,
707,0.02364864864864865,0.9948519948519948,,,,,,,,
708,0.02413127413127413,0.9948519948519948,,,,,,,,
709,0.02413127413127413,0.99501287001287,,,,,,,,
710,0.02445302445302445,0.99501287001287,,,,,,,,
711,0.02445302445302445,0.9954954954954955,,,,,,,,
712,0.024613899613899613,0.9954954954954955,,,,,,,,
713,0.024613899613899613,0.9956563706563707,,,,,,,,
714,0.02541827541827542,0.9956563706563707,,,,,,,,
715,0.02541827541827542,0.9958172458172458,,,,,,,,
716,0.0259009009009009,0.9958172458172458,,,,,,,,
717,0.0259009009009009,0.9962998712998713,,,,,,,,
718,0.026544401544401543,0.9962998712998713,,,,,,,,
719,0.026866151866151867,0.9962998712998713,,,,,,,,
720,0.02702702702702703,0.9962998712998713,,,,,,,,
721,0.02734877734877735,0.9962998712998713,,,,,,,,
722,0.027670527670527672,0.9962998712998713,,,,,,,,
723,0.027670527670527672,0.9964607464607464,,,,,,,,
724,0.02895752895752896,0.9964607464607464,,,,,,,,
725,0.02895752895752896,0.9966216216216216,,,,,,,,
726,0.02944015444015444,0.9966216216216216,,,,,,,,
727,0.02944015444015444,0.9967824967824968,,,,,,,,
728,0.029922779922779922,0.9967824967824968,,,,,,,,
729,0.029922779922779922,0.9969433719433719,,,,,,,,
730,0.03137065637065637,0.9969433719433719,,,,,,,,
731,0.03137065637065637,0.9972651222651223,,,,,,,,
732,0.031692406692406694,0.9972651222651223,,,,,,,,
733,0.031692406692406694,0.9974259974259975,,,,,,,,
734,0.03314028314028314,0.9974259974259975,,,,,,,,
735,0.03314028314028314,0.9975868725868726,,,,,,,,
736,0.03346203346203346,0.9975868725868726,,,,,,,,
737,0.03346203346203346,0.9977477477477478,,,,,,,,
738,0.03362290862290862,0.9977477477477478,,,,,,,,
739,0.03362290862290862,0.9979086229086229,,,,,,,,
740,0.03426640926640927,0.9979086229086229,,,,,,,,
741,0.03458815958815959,0.9979086229086229,,,,,,,,
742,0.03523166023166023,0.9979086229086229,,,,,,,,
743,0.03523166023166023,0.9980694980694981,,,,,,,,
744,0.03571428571428571,0.9980694980694981,,,,,,,,
745,0.03571428571428571,0.9982303732303732,,,,,,,,
746,0.03587516087516088,0.9982303732303732,,,,,,,,
747,0.036196911196911194,0.9982303732303732,,,,,,,,
748,0.03748391248391248,0.9982303732303732,,,,,,,,
749,0.037805662805662804,0.9982303732303732,,,,,,,,
750,0.03812741312741313,0.9982303732303732,,,,,,,,
751,0.03812741312741313,0.9983912483912484,,,,,,,,
752,0.03861003861003861,0.9983912483912484,,,,,,,,
753,0.03861003861003861,0.9985521235521235,,,,,,,,
754,0.04021879021879022,0.9985521235521235,,,,,,,,
755,0.04021879021879022,0.9987129987129987,,,,,,,,
756,0.04086229086229086,0.9987129987129987,,,,,,,,
757,0.04118404118404118,0.9987129987129987,,,,,,,,
758,0.04247104247104247,0.9987129987129987,,,,,,,,
759,0.04279279279279279,0.9987129987129987,,,,,,,,
760,0.0435971685971686,0.9987129987129987,,,,,,,,
761,0.04391891891891892,0.9987129987129987,,,,,,,,
762,0.045366795366795366,0.9987129987129987,,,,,,,,
763,0.045366795366795366,0.9988738738738738,,,,,,,,
764,0.04584942084942085,0.9988738738738738,,,,,,,,
765,0.04617117117117117,0.9988738738738738,,,,,,,,
766,0.0472972972972973,0.9988738738738738,,,,,,,,
767,0.047619047619047616,0.9988738738738738,,,,,,,,
768,0.04777992277992278,0.9988738738738738,,,,,,,,
769,0.048101673101673105,0.9988738738738738,,,,,,,,
770,0.04842342342342342,0.9988738738738738,,,,,,,,
771,0.04842342342342342,0.999034749034749,,,,,,,,
772,0.04858429858429859,0.999034749034749,,,,,,,,
773,0.0489060489060489,0.999034749034749,,,,,,,,
774,0.05003217503217503,0.999034749034749,,,,,,,,
775,0.050353925353925355,0.999034749034749,,,,,,,,
776,0.05228442728442728,0.999034749034749,,,,,,,,
777,0.05228442728442728,0.9991956241956242,,,,,,,,
778,0.05501930501930502,0.9991956241956242,,,,,,,,
779,0.05501930501930502,0.9993564993564994,,,,,,,,
780,0.06338481338481339,0.9993564993564994,,,,,,,,
781,0.0637065637065637,0.9993564993564994,,,,,,,,
782,0.07287644787644787,0.9993564993564994,,,,,,,,
783,0.07384169884169885,0.9993564993564994,,,,,,,,
784,0.07496782496782496,0.9993564993564994,,,,,,,,
785,0.07528957528957529,0.9993564993564994,,,,,,,,
786,0.07561132561132561,0.9993564993564994,,,,,,,,
787,0.07625482625482626,0.9993564993564994,,,,,,,,
788,0.0768983268983269,0.9993564993564994,,,,,,,,
789,0.07722007722007722,0.9993564993564994,,,,,,,,
790,0.07963320463320463,0.9993564993564994,,,,,,,,
791,0.07995495495495496,0.9993564993564994,,,,,,,,
792,0.08188545688545688,0.9993564993564994,,,,,,,,
793,0.08252895752895753,0.9993564993564994,,,,,,,,
794,0.08397683397683398,0.9993564993564994,,,,,,,,
795,0.08429858429858429,0.9993564993564994,,,,,,,,
796,0.0888030888030888,0.9993564993564994,,,,,,,,
797,0.08912483912483912,0.9993564993564994,,,,,,,,
798,0.09041184041184042,0.9993564993564994,,,,,,,,
799,0.09073359073359073,0.9993564993564994,,,,,,,,
800,0.0916988416988417,0.9993564993564994,,,,,,,,
801,0.09202059202059203,0.9993564993564994,,,,,,,,
802,0.0953989703989704,0.9993564993564994,,,,,,,,
803,0.09572072072072071,0.9993564993564994,,,,,,,,
804,0.09716859716859717,0.9993564993564994,,,,,,,,
805,0.09765122265122265,0.9993564993564994,,,,,,,,
806,0.09813384813384814,0.9993564993564994,,,,,,,,
807,0.09845559845559845,0.9993564993564994,,,,,,,,
808,0.09893822393822393,0.9993564993564994,,,,,,,,
809,0.09958172458172458,0.9993564993564994,,,,,,,,
810,0.0999034749034749,0.9993564993564994,,,,,,,,
811,0.10022522522522523,0.9993564993564994,,,,,,,,
812,0.10376447876447877,0.9993564993564994,,,,,,,,
813,0.10408622908622908,0.9993564993564994,,,,,,,,
814,0.10521235521235521,0.9993564993564994,,,,,,,,
815,0.10521235521235521,0.9995173745173745,,,,,,,,
816,0.10633848133848134,0.9995173745173745,,,,,,,,
817,0.10666023166023166,0.9995173745173745,,,,,,,,
818,0.10762548262548262,0.9995173745173745,,,,,,,,
819,0.10794723294723295,0.9995173745173745,,,,,,,,
820,0.1118082368082368,0.9995173745173745,,,,,,,,
821,0.11212998712998713,0.9995173745173745,,,,,,,,
822,0.12676962676962678,0.9995173745173745,,,,,,,,
823,0.12709137709137708,0.9995173745173745,,,,,,,,
824,0.12966537966537967,0.9995173745173745,,,,,,,,
825,0.12998712998713,0.9995173745173745,,,,,,,,
826,0.1315958815958816,0.9995173745173745,,,,,,,,
827,0.13191763191763192,0.9995173745173745,,,,,,,,
828,0.13449163449163448,0.9995173745173745,,,,,,,,
829,0.1348133848133848,0.9995173745173745,,,,,,,,
830,0.13690476190476192,0.9995173745173745,,,,,,,,
831,0.13722651222651222,0.9995173745173745,,,,,,,,
832,0.14591377091377092,0.9995173745173745,,,,,,,,
833,0.14623552123552125,0.9995173745173745,,,,,,,,
834,0.14752252252252251,0.9995173745173745,,,,,,,,
835,0.14784427284427284,0.9995173745173745,,,,,,,,
836,0.15154440154440155,0.9995173745173745,,,,,,,,
837,0.15186615186615188,0.9995173745173745,,,,,,,,
838,0.15765765765765766,0.9995173745173745,,,,,,,,
839,0.157979407979408,0.9995173745173745,,,,,,,,
840,0.15846203346203347,0.9995173745173745,,,,,,,,
841,0.15878378378378377,0.9995173745173745,,,,,,,,
842,0.1615186615186615,0.9995173745173745,,,,,,,,
843,0.16184041184041184,0.9995173745173745,,,,,,,,
844,0.16232303732303732,0.9995173745173745,,,,,,,,
845,0.16264478764478765,0.9995173745173745,,,,,,,,
846,0.16763191763191762,0.9995173745173745,,,,,,,,
847,0.16795366795366795,0.9995173745173745,,,,,,,,
848,0.16875804375804376,0.9995173745173745,,,,,,,,
849,0.1690797940797941,0.9995173745173745,,,,,,,,
850,0.17084942084942084,0.9995173745173745,,,,,,,,
851,0.17117117117117117,0.9995173745173745,,,,,,,,
852,0.17358429858429858,0.9995173745173745,,,,,,,,
853,0.1739060489060489,0.9995173745173745,,,,,,,,
854,0.17406692406692406,0.9995173745173745,,,,,,,,
855,0.1743886743886744,0.9995173745173745,,,,,,,,
856,0.17487129987129987,0.9995173745173745,,,,,,,,
857,0.1751930501930502,0.9995173745173745,,,,,,,,
858,0.17583655083655084,0.9995173745173745,,,,,,,,
859,0.17615830115830117,0.9995173745173745,,,,,,,,
860,0.17728442728442728,0.9995173745173745,,,,,,,,
861,0.1776061776061776,0.9995173745173745,,,,,,,,
862,0.17873230373230373,0.9995173745173745,,,,,,,,
863,0.17905405405405406,0.9995173745173745,,,,,,,,
864,0.1830759330759331,0.9995173745173745,,,,,,,,
865,0.1833976833976834,0.9995173745173745,,,,,,,,
866,0.18468468468468469,0.9995173745173745,,,,,,,,
867,0.18532818532818532,0.9995173745173745,,,,,,,,
868,0.18741956241956242,0.9995173745173745,,,,,,,,
869,0.18774131274131275,0.9995173745173745,,,,,,,,
870,0.19063706563706564,0.9995173745173745,,,,,,,,
871,0.19095881595881595,0.9995173745173745,,,,,,,,
872,0.19353281853281853,0.9995173745173745,,,,,,,,
873,0.19385456885456886,0.9995173745173745,,,,,,,,
874,0.1961068211068211,0.9995173745173745,,,,,,,,
875,0.19642857142857142,0.9995173745173745,,,,,,,,
876,0.19787644787644787,0.9995173745173745,,,,,,,,
877,0.1981981981981982,0.9995173745173745,,,,,,,,
878,0.19932432432432431,0.9995173745173745,,,,,,,,
879,0.19964607464607464,0.9995173745173745,,,,,,,,
880,0.2018983268983269,0.9995173745173745,,,,,,,,
881,0.20222007722007723,0.9995173745173745,,,,,,,,
882,0.20382882882882883,0.9995173745173745,,,,,,,,
883,0.20415057915057916,0.9995173745173745,,,,,,,,
884,0.20704633204633205,0.9995173745173745,,,,,,,,
885,0.20736808236808238,0.9995173745173745,,,,,,,,
886,0.20945945945945946,0.9995173745173745,,,,,,,,
887,0.2097812097812098,0.9995173745173745,,,,,,,,
888,0.21122908622908623,0.9995173745173745,,,,,,,,
889,0.21251608751608753,0.9995173745173745,,,,,,,,
890,0.21476833976833976,0.9995173745173745,,,,,,,,
891,0.21509009009009009,0.9995173745173745,,,,,,,,
892,0.21653796653796653,0.9995173745173745,,,,,,,,
893,0.21685971685971686,0.9995173745173745,,,,,,,,
894,0.21975546975546975,0.9995173745173745,,,,,,,,
895,0.22007722007722008,0.9995173745173745,,,,,,,,
896,0.222007722007722,0.9995173745173745,,,,,,,,
897,0.22232947232947234,0.9995173745173745,,,,,,,,
898,0.22602960102960104,0.9995173745173745,,,,,,,,
899,0.22635135135135134,0.9995173745173745,,,,,,,,
900,0.22683397683397682,0.9995173745173745,,,,,,,,
901,0.22715572715572716,0.9995173745173745,,,,,,,,
902,0.2294079794079794,0.9995173745173745,,,,,,,,
903,0.22972972972972974,0.9995173745173745,,,,,,,,
904,0.23294723294723294,0.9995173745173745,,,,,,,,
905,0.23326898326898327,0.9995173745173745,,,,,,,,
906,0.23375160875160875,0.9995173745173745,,,,,,,,
907,0.23407335907335908,0.9995173745173745,,,,,,,,
908,0.23680823680823682,0.9995173745173745,,,,,,,,
909,0.23712998712998712,0.9995173745173745,,,,,,,,
910,0.24115186615186615,0.9995173745173745,,,,,,,,
911,0.24163449163449163,0.9995173745173745,,,,,,,,
912,0.24646074646074645,0.9995173745173745,,,,,,,,
913,0.24694337194337193,0.9995173745173745,,,,,,,,
914,0.24935649935649937,0.9995173745173745,,,,,,,,
915,0.24967824967824967,0.9995173745173745,,,,,,,,
916,0.2504826254826255,0.9995173745173745,,,,,,,,
917,0.2508043758043758,0.9995173745173745,,,,,,,,
918,0.25225225225225223,0.9995173745173745,,,,,,,,
919,0.2525740025740026,0.9995173745173745,,,,,,,,
920,0.254021879021879,0.9995173745173745,,,,,,,,
921,0.25434362934362936,0.9995173745173745,,,,,,,,
922,0.2548262548262548,0.9995173745173745,,,,,,,,
923,0.2551480051480052,0.9995173745173745,,,,,,,,
924,0.2557915057915058,0.9995173745173745,,,,,,,,
925,0.25611325611325614,0.9995173745173745,,,,,,,,
926,0.2565958815958816,0.9995173745173745,,,,,,,,
927,0.2569176319176319,0.9995173745173745,,,,,,,,
928,0.2582046332046332,0.9995173745173745,,,,,,,,
929,0.2585263835263835,0.9995173745173745,,,,,,,,
930,0.2602960102960103,0.9995173745173745,,,,,,,,
931,0.2606177606177606,0.9995173745173745,,,,,,,,
932,0.2699485199485199,0.9995173745173745,,,,,,,,
933,0.2699485199485199,0.9996782496782497,,,,,,,,
934,0.273005148005148,0.9996782496782497,,,,,,,,
935,0.2733268983268983,0.9996782496782497,,,,,,,,
936,0.2746138996138996,0.9996782496782497,,,,,,,,
937,0.27493564993564995,0.9996782496782497,,,,,,,,
938,0.2762226512226512,0.9996782496782497,,,,,,,,
939,0.2765444015444015,0.9996782496782497,,,,,,,,
940,0.2791184041184041,0.9996782496782497,,,,,,,,
941,0.27944015444015446,0.9996782496782497,,,,,,,,
942,0.2805662805662806,0.9996782496782497,,,,,,,,
943,0.2808880308880309,0.9996782496782497,,,,,,,,
944,0.2812097812097812,0.9996782496782497,,,,,,,,
945,0.28153153153153154,0.9996782496782497,,,,,,,,
946,0.2824967824967825,0.9996782496782497,,,,,,,,
947,0.2828185328185328,0.9996782496782497,,,,,,,,
948,0.28442728442728443,0.9996782496782497,,,,,,,,
949,0.28474903474903474,0.9996782496782497,,,,,,,,
950,0.2911840411840412,0.9996782496782497,,,,,,,,
951,0.2915057915057915,0.9996782496782497,,,,,,,,
952,0.2927927927927928,0.9996782496782497,,,,,,,,
953,0.29327541827541825,0.9996782496782497,,,,,,,,
954,0.2939189189189189,0.9996782496782497,,,,,,,,
955,0.29745817245817247,0.9996782496782497,,,,,,,,
956,0.29777992277992277,0.9996782496782497,,,,,,,,
957,0.2982625482625483,0.9996782496782497,,,,,,,,
958,0.2985842985842986,0.9996782496782497,,,,,,,,
959,0.29874517374517373,0.9996782496782497,,,,,,,,
960,0.2990669240669241,0.9996782496782497,,,,,,,,
961,0.30067567567567566,0.9996782496782497,,,,,,,,
962,0.30115830115830117,0.9996782496782497,,,,,,,,
963,0.301962676962677,0.9996782496782497,,,,,,,,
964,0.3022844272844273,0.9996782496782497,,,,,,,,
965,0.3079150579150579,0.9996782496782497,,,,,,,,
966,0.30855855855855857,0.9996782496782497,,,,,,,,
967,0.30952380952380953,0.9996782496782497,,,,,,,,
968,0.30984555984555984,0.9996782496782497,,,,,,,,
969,0.31097168597168595,0.9996782496782497,,,,,,,,
970,0.3112934362934363,0.9996782496782497,,,,,,,,
971,0.314993564993565,0.9996782496782497,,,,,,,,
972,0.3153153153153153,0.9996782496782497,,,,,,,,
973,0.3162805662805663,0.9996782496782497,,,,,,,,
974,0.3166023166023166,0.9996782496782497,,,,,,,,
975,0.31837194337194336,0.9996782496782497,,,,,,,,
976,0.3186936936936937,0.9996782496782497,,,,,,,,
977,0.31917631917631917,0.9996782496782497,,,,,,,,
978,0.3194980694980695,0.9996782496782497,,,,,,,,
979,0.31981981981981983,0.9996782496782497,,,,,,,,
980,0.32014157014157013,0.9996782496782497,,,,,,,,
981,0.32207207207207206,0.9996782496782497,,,,,,,,
982,0.3223938223938224,0.9996782496782497,,,,,,,,
983,0.32577220077220076,0.9996782496782497,,,,,,,,
984,0.3260939510939511,0.9996782496782497,,,,,,,,
985,0.32786357786357784,0.9996782496782497,,,,,,,,
986,0.3281853281853282,0.9996782496782497,,,,,,,,
987,0.32834620334620335,0.9996782496782497,,,,,,,,
988,0.32866795366795365,0.9996782496782497,,,,,,,,
989,0.3302767052767053,0.9996782496782497,,,,,,,,
990,0.3307593307593308,0.9996782496782497,,,,,,,,
991,0.33124195624195624,0.9996782496782497,,,,,,,,
992,0.33156370656370654,0.9996782496782497,,,,,,,,
993,0.3333333333333333,0.9996782496782497,,,,,,,,
994,0.3336550836550837,0.9996782496782497,,,,,,,,
995,0.3338159588159588,0.9996782496782497,,,,,,,,
996,0.3341377091377091,0.9996782496782497,,,,,,,,
997,0.33526383526383524,0.9996782496782497,,,,,,,,
998,0.3355855855855856,0.9996782496782497,,,,,,,,
999,0.34025096525096526,0.9996782496782497,,,,,,,,
1000,0.34057271557271557,0.9996782496782497,,,,,,,,
1001,0.3441119691119691,0.9996782496782497,,,,,,,,
1002,0.3444337194337194,0.9996782496782497,,,,,,,,
1003,0.3450772200772201,0.9996782496782497,,,,,,,,
1004,0.3453989703989704,0.9996782496782497,,,,,,,,
1005,0.3473294723294723,0.9996782496782497,,,,,,,,
1006,0.34765122265122267,0.9996782496782497,,,,,,,,
1007,0.351029601029601,0.9996782496782497,,,,,,,,
1008,0.35135135135135137,0.9996782496782497,,,,,,,,
1009,0.3516731016731017,0.9996782496782497,,,,,,,,
1010,0.351994851994852,0.9996782496782497,,,,,,,,
1011,0.35296010296010294,0.9996782496782497,,,,,,,,
1012,0.3532818532818533,0.9996782496782497,,,,,,,,
1013,0.35601673101673104,0.9996782496782497,,,,,,,,
1014,0.35633848133848134,0.9996782496782497,,,,,,,,
1015,0.3584298584298584,0.9996782496782497,,,,,,,,
1016,0.3587516087516088,0.9996782496782497,,,,,,,,
1017,0.36084298584298585,0.9996782496782497,,,,,,,,
1018,0.36116473616473616,0.9996782496782497,,,,,,,,
1019,0.36325611325611323,0.9996782496782497,,,,,,,,
1020,0.3635778635778636,0.9996782496782497,,,,,,,,
1021,0.36454311454311455,0.9996782496782497,,,,,,,,
1022,0.36486486486486486,0.9996782496782497,,,,,,,,
1023,0.3698519948519948,0.9996782496782497,,,,,,,,
1024,0.3701737451737452,0.9996782496782497,,,,,,,,
1025,0.37435649935649934,0.9996782496782497,,,,,,,,
1026,0.375,0.9996782496782497,,,,,,,,
1027,0.3767696267696268,0.9996782496782497,,,,,,,,
1028,0.3770913770913771,0.9996782496782497,,,,,,,,
1029,0.3783783783783784,0.9996782496782497,,,,,,,,
1030,0.3787001287001287,0.9996782496782497,,,,,,,,
1031,0.37934362934362936,0.9996782496782497,,,,,,,,
1032,0.37998712998712997,0.9996782496782497,,,,,,,,
1033,0.3807915057915058,0.9996782496782497,,,,,,,,
1034,0.38111325611325614,0.9996782496782497,,,,,,,,
1035,0.3819176319176319,0.9996782496782497,,,,,,,,
1036,0.38223938223938225,0.9996782496782497,,,,,,,,
1037,0.38545688545688545,0.9996782496782497,,,,,,,,
1038,0.3857786357786358,0.9996782496782497,,,,,,,,
1039,0.3886743886743887,0.9996782496782497,,,,,,,,
1040,0.388996138996139,0.9996782496782497,,,,,,,,
1041,0.3894787644787645,0.9996782496782497,,,,,,,,
1042,0.3909266409266409,0.9996782496782497,,,,,,,,
1043,0.3912483912483912,0.9996782496782497,,,,,,,,
1044,0.3949485199485199,0.9996782496782497,,,,,,,,
1045,0.3952702702702703,0.9996782496782497,,,,,,,,
1046,0.39736164736164736,0.9996782496782497,,,,,,,,
1047,0.39736164736164736,0.9998391248391248,,,,,,,,
1048,0.39768339768339767,0.9998391248391248,,,,,,,,
1049,0.39913127413127414,0.9998391248391248,,,,,,,,
1050,0.39945302445302444,0.9998391248391248,,,,,,,,
1051,0.4018661518661519,0.9998391248391248,,,,,,,,
1052,0.4021879021879022,0.9998391248391248,,,,,,,,
1053,0.40653153153153154,0.9998391248391248,,,,,,,,
1054,0.40685328185328185,0.9998391248391248,,,,,,,,
1055,0.41023166023166024,0.9998391248391248,,,,,,,,
1056,0.41087516087516085,0.9998391248391248,,,,,,,,
1057,0.41280566280566283,0.9998391248391248,,,,,,,,
1058,0.41312741312741313,0.9998391248391248,,,,,,,,
1059,0.416988416988417,0.9998391248391248,,,,,,,,
1060,0.4173101673101673,0.9998391248391248,,,,,,,,
1061,0.421010296010296,0.9998391248391248,,,,,,,,
1062,0.42133204633204635,0.9998391248391248,,,,,,,,
1063,0.4243886743886744,0.9998391248391248,,,,,,,,
1064,0.4247104247104247,0.9998391248391248,,,,,,,,
1065,0.42487129987129985,0.9998391248391248,,,,,,,,
1066,0.4251930501930502,0.9998391248391248,,,,,,,,
1067,0.4305019305019305,0.9998391248391248,,,,,,,,
1068,0.43082368082368083,0.9998391248391248,,,,,,,,
1069,0.43162805662805664,0.9998391248391248,,,,,,,,
1070,0.43194980694980695,0.9998391248391248,,,,,,,,
1071,0.4325933075933076,0.9998391248391248,,,,,,,,
1072,0.4329150579150579,0.9998391248391248,,,,,,,,
1073,0.4379021879021879,0.9998391248391248,,,,,,,,
1074,0.43822393822393824,0.9998391248391248,,,,,,,,
1075,0.439993564993565,0.9998391248391248,,,,,,,,
1076,0.4406370656370656,0.9998391248391248,,,,,,,,
1077,0.4411196911196911,0.9998391248391248,,,,,,,,
1078,0.44144144144144143,0.9998391248391248,,,,,,,,
1079,0.444980694980695,0.9998391248391248,,,,,,,,
1080,0.4453024453024453,0.9998391248391248,,,,,,,,
1081,0.44626769626769625,0.9998391248391248,,,,,,,,
1082,0.4465894465894466,0.9998391248391248,,,,,,,,
1083,0.4506113256113256,0.9998391248391248,,,,,,,,
1084,0.45125482625482627,0.9998391248391248,,,,,,,,
1085,0.4520592020592021,0.9998391248391248,,,,,,,,
1086,0.4523809523809524,0.9998391248391248,,,,,,,,
1087,0.458011583011583,0.9998391248391248,,,,,,,,
1088,0.4583333333333333,0.9998391248391248,,,,,,,,
1089,0.458976833976834,0.9998391248391248,,,,,,,,
1090,0.4592985842985843,0.9998391248391248,,,,,,,,
1091,0.46042471042471045,0.9998391248391248,,,,,,,,
1092,0.46106821106821105,0.9998391248391248,,,,,,,,
1093,0.46653796653796653,0.9998391248391248,,,,,,,,
1094,0.46685971685971683,0.9998391248391248,,,,,,,,
1095,0.46766409266409265,0.9998391248391248,,,,,,,,
1096,0.467985842985843,0.9998391248391248,,,,,,,,
1097,0.46814671814671815,0.9998391248391248,,,,,,,,
1098,0.46846846846846846,0.9998391248391248,,,,,,,,
1099,0.4686293436293436,0.9998391248391248,,,,,,,,
1100,0.46895109395109397,0.9998391248391248,,,,,,,,
1101,0.47055984555984554,0.9998391248391248,,,,,,,,
1102,0.4708815958815959,0.9998391248391248,,,,,,,,
1103,0.472007722007722,0.9998391248391248,,,,,,,,
1104,0.4723294723294723,0.9998391248391248,,,,,,,,
1105,0.47361647361647363,0.9998391248391248,,,,,,,,
1106,0.47393822393822393,0.9998391248391248,,,,,,,,
1107,0.4777992277992278,0.9998391248391248,,,,,,,,
1108,0.47812097812097815,0.9998391248391248,,,,,,,,
1109,0.4803732303732304,0.9998391248391248,,,,,,,,
1110,0.48101673101673104,0.9998391248391248,,,,,,,,
1111,0.4811776061776062,0.9998391248391248,,,,,,,,
1112,0.48182110682110685,0.9998391248391248,,,,,,,,
1113,0.4840733590733591,0.9998391248391248,,,,,,,,
1114,0.4843951093951094,0.9998391248391248,,,,,,,,
1115,0.49276061776061775,0.9998391248391248,,,,,,,,
1116,0.4930823680823681,0.9998391248391248,,,,,,,,
1117,0.4945302445302445,0.9998391248391248,,,,,,,,
1118,0.49501287001287003,0.9998391248391248,,,,,,,,
1119,0.4954954954954955,0.9998391248391248,,,,,,,,
1120,0.49581724581724584,0.9998391248391248,,,,,,,,
1121,0.495978120978121,0.9998391248391248,,,,,,,,
1122,0.4962998712998713,0.9998391248391248,,,,,,,,
1123,0.5019305019305019,0.9998391248391248,,,,,,,,
1124,0.5022522522522522,0.9998391248391248,,,,,,,,
1125,0.502895752895753,0.9998391248391248,,,,,,,,
1126,0.5032175032175032,0.9998391248391248,,,,,,,,
1127,0.5059523809523809,0.9998391248391248,,,,,,,,
1128,0.5062741312741312,0.9998391248391248,,,,,,,,
1129,0.5075611325611326,0.9998391248391248,,,,,,,,
1130,0.5078828828828829,0.9998391248391248,,,,,,,,
1131,0.5128700128700129,0.9998391248391248,,,,,,,,
1132,0.5135135135135135,0.9998391248391248,,,,,,,,
1133,0.5138352638352638,0.9998391248391248,,,,,,,,
1134,0.5141570141570142,0.9998391248391248,,,,,,,,
1135,0.5162483912483913,0.9998391248391248,,,,,,,,
1136,0.5165701415701416,0.9998391248391248,,,,,,,,
1137,0.518983268983269,0.9998391248391248,,,,,,,,
1138,0.5193050193050193,0.9998391248391248,,,,,,,,
1139,0.5205920205920206,0.9998391248391248,,,,,,,,
1140,0.5209137709137709,0.9998391248391248,,,,,,,,
1141,0.5225225225225225,0.9998391248391248,,,,,,,,
1142,0.5225225225225225,1.0,,,,,,,,
1143,0.5228442728442728,1.0,,,,,,,,
1144,0.5238095238095238,1.0,,,,,,,,
1145,0.5242921492921493,1.0,,,,,,,,
1146,0.5294401544401545,1.0,,,,,,,,
1147,0.5297619047619048,1.0,,,,,,,,
1148,0.5300836550836551,1.0,,,,,,,,
1149,0.5304054054054054,1.0,,,,,,,,
1150,0.5318532818532818,1.0,,,,,,,,
1151,0.5321750321750321,1.0,,,,,,,,
1152,0.5476190476190477,1.0,,,,,,,,
1153,0.547940797940798,1.0,,,,,,,,
1154,0.5503539253539254,1.0,,,,,,,,
1155,0.550997425997426,1.0,,,,,,,,
1156,0.5516409266409267,1.0,,,,,,,,
1157,0.551962676962677,1.0,,,,,,,,
1158,0.5526061776061776,1.0,,,,,,,,
1159,0.5529279279279279,1.0,,,,,,,,
1160,0.5538931788931789,1.0,,,,,,,,
1161,0.5542149292149292,1.0,,,,,,,,
1162,0.5551801801801802,1.0,,,,,,,,
1163,0.5558236808236808,1.0,,,,,,,,
1164,0.5588803088803089,1.0,,,,,,,,
1165,0.5592020592020592,1.0,,,,,,,,
1166,0.5625804375804376,1.0,,,,,,,,
1167,0.5629021879021879,1.0,,,,,,,,
1168,0.5645109395109396,1.0,,,,,,,,
1169,0.5651544401544402,1.0,,,,,,,,
1170,0.5672458172458172,1.0,,,,,,,,
1171,0.5675675675675675,1.0,,,,,,,,
1172,0.5682110682110683,1.0,,,,,,,,
1173,0.5685328185328186,1.0,,,,,,,,
1174,0.5715894465894465,1.0,,,,,,,,
1175,0.571911196911197,1.0,,,,,,,,
1176,0.5754504504504504,1.0,,,,,,,,
1177,0.5764157014157014,1.0,,,,,,,,
1178,0.5772200772200772,1.0,,,,,,,,
1179,0.5778635778635779,1.0,,,,,,,,
1180,0.5797940797940798,1.0,,,,,,,,
1181,0.5801158301158301,1.0,,,,,,,,
1182,0.5817245817245817,1.0,,,,,,,,
1183,0.582046332046332,1.0,,,,,,,,
1184,0.584942084942085,1.0,,,,,,,,
1185,0.5852638352638353,1.0,,,,,,,,
1186,0.5873552123552124,1.0,,,,,,,,
1187,0.5876769626769627,1.0,,,,,,,,
1188,0.5883204633204633,1.0,,,,,,,,
1189,0.5886422136422137,1.0,,,,,,,,
1190,0.5897683397683398,1.0,,,,,,,,
1191,0.5900900900900901,1.0,,,,,,,,
1192,0.5921814671814671,1.0,,,,,,,,
1193,0.5925032175032175,1.0,,,,,,,,
1194,0.5928249678249679,1.0,,,,,,,,
1195,0.5931467181467182,1.0,,,,,,,,
1196,0.5934684684684685,1.0,,,,,,,,
1197,0.5937902187902188,1.0,,,,,,,,
1198,0.596042471042471,1.0,,,,,,,,
1199,0.5963642213642214,1.0,,,,,,,,
1200,0.5968468468468469,1.0,,,,,,,,
1201,0.5971685971685972,1.0,,,,,,,,
1202,0.6029601029601029,1.0,,,,,,,,
1203,0.6032818532818532,1.0,,,,,,,,
1204,0.6066602316602316,1.0,,,,,,,,
1205,0.6073037323037324,1.0,,,,,,,,
1206,0.6087516087516087,1.0,,,,,,,,
1207,0.609073359073359,1.0,,,,,,,,
1208,0.6101994851994852,1.0,,,,,,,,
1209,0.6105212355212355,1.0,,,,,,,,
1210,0.6113256113256114,1.0,,,,,,,,
1211,0.6116473616473617,1.0,,,,,,,,
1212,0.6164736164736164,1.0,,,,,,,,
1213,0.6167953667953668,1.0,,,,,,,,
1214,0.618082368082368,1.0,,,,,,,,
1215,0.6184041184041184,1.0,,,,,,,,
1216,0.6208172458172458,1.0,,,,,,,,
1217,0.6211389961389961,1.0,,,,,,,,
1218,0.622104247104247,1.0,,,,,,,,
1219,0.6224259974259975,1.0,,,,,,,,
1220,0.6233912483912484,1.0,,,,,,,,
1221,0.6237129987129987,1.0,,,,,,,,
1222,0.6269305019305019,1.0,,,,,,,,
1223,0.6272522522522522,1.0,,,,,,,,
1224,0.6282175032175032,1.0,,,,,,,,
1225,0.6285392535392536,1.0,,,,,,,,
1226,0.6288610038610039,1.0,,,,,,,,
1227,0.6291827541827542,1.0,,,,,,,,
1228,0.6304697554697555,1.0,,,,,,,,
1229,0.6307915057915058,1.0,,,,,,,,
1230,0.6317567567567568,1.0,,,,,,,,
1231,0.6320785070785071,1.0,,,,,,,,
1232,0.6377091377091377,1.0,,,,,,,,
1233,0.638030888030888,1.0,,,,,,,,
1234,0.6406048906048906,1.0,,,,,,,,
1235,0.640926640926641,1.0,,,,,,,,
1236,0.6414092664092664,1.0,,,,,,,,
1237,0.6417310167310167,1.0,,,,,,,,
1238,0.6436615186615187,1.0,,,,,,,,
1239,0.643983268983269,1.0,,,,,,,,
1240,0.6484877734877735,1.0,,,,,,,,
1241,0.6488095238095238,1.0,,,,,,,,
1242,0.6515444015444015,1.0,,,,,,,,
1243,0.6518661518661518,1.0,,,,,,,,
1244,0.6557271557271557,1.0,,,,,,,,
1245,0.6560489060489061,1.0,,,,,,,,
1246,0.6607142857142857,1.0,,,,,,,,
1247,0.6611969111969112,1.0,,,,,,,,
1248,0.6687580437580437,1.0,,,,,,,,
1249,0.6690797940797941,1.0,,,,,,,,
1250,0.672940797940798,1.0,,,,,,,,
1251,0.6732625482625483,1.0,,,,,,,,
1252,0.6742277992277992,1.0,,,,,,,,
1253,0.6745495495495496,1.0,,,,,,,,
1254,0.6766409266409267,1.0,,,,,,,,
1255,0.676962676962677,1.0,,,,,,,,
1256,0.6774453024453024,1.0,,,,,,,,
1257,0.6777670527670527,1.0,,,,,,,,
1258,0.6790540540540541,1.0,,,,,,,,
1259,0.6793758043758044,1.0,,,,,,,,
1260,0.6821106821106822,1.0,,,,,,,,
1261,0.6824324324324325,1.0,,,,,,,,
1262,0.6911196911196911,1.0,,,,,,,,
1263,0.6914414414414415,1.0,,,,,,,,
1264,0.6941763191763192,1.0,,,,,,,,
1265,0.6944980694980695,1.0,,,,,,,,
1266,0.6962676962676962,1.0,,,,,,,,
1267,0.6965894465894465,1.0,,,,,,,,
1268,0.6972329472329473,1.0,,,,,,,,
1269,0.6975546975546976,1.0,,,,,,,,
1270,0.6991634491634492,1.0,,,,,,,,
1271,0.6994851994851995,1.0,,,,,,,,
1272,0.7002895752895753,1.0,,,,,,,,
1273,0.7006113256113257,1.0,,,,,,,,
1274,0.7104247104247104,1.0,,,,,,,,
1275,0.7107464607464608,1.0,,,,,,,,
1276,0.7131595881595881,1.0,,,,,,,,
1277,0.7134813384813384,1.0,,,,,,,,
1278,0.7144465894465895,1.0,,,,,,,,
1279,0.7147683397683398,1.0,,,,,,,,
1280,0.7152509652509652,1.0,,,,,,,,
1281,0.7155727155727156,1.0,,,,,,,,
1282,0.7163770913770914,1.0,,,,,,,,
1283,0.7166988416988417,1.0,,,,,,,,
1284,0.7181467181467182,1.0,,,,,,,,
1285,0.7184684684684685,1.0,,,,,,,,
1286,0.7192728442728443,1.0,,,,,,,,
1287,0.7195945945945946,1.0,,,,,,,,
1288,0.7203989703989704,1.0,,,,,,,,
1289,0.7207207207207207,1.0,,,,,,,,
1290,0.721042471042471,1.0,,,,,,,,
1291,0.7213642213642214,1.0,,,,,,,,
1292,0.7223294723294723,1.0,,,,,,,,
1293,0.7226512226512226,1.0,,,,,,,,
1294,0.7253861003861004,1.0,,,,,,,,
1295,0.7257078507078507,1.0,,,,,,,,
1296,0.7258687258687259,1.0,,,,,,,,
1297,0.7261904761904762,1.0,,,,,,,,
1298,0.7263513513513513,1.0,,,,,,,,
1299,0.7266731016731016,1.0,,,,,,,,
1300,0.7279601029601029,1.0,,,,,,,,
1301,0.7282818532818532,1.0,,,,,,,,
1302,0.7298906048906049,1.0,,,,,,,,
1303,0.7302123552123552,1.0,,,,,,,,
1304,0.7337516087516087,1.0,,,,,,,,
1305,0.734073359073359,1.0,,,,,,,,
1306,0.7374517374517374,1.0,,,,,,,,
1307,0.7377734877734877,1.0,,,,,,,,
1308,0.7398648648648649,1.0,,,,,,,,
1309,0.7401866151866152,1.0,,,,,,,,
1310,0.7413127413127413,1.0,,,,,,,,
1311,0.7416344916344917,1.0,,,,,,,,
1312,0.7472651222651223,1.0,,,,,,,,
1313,0.7479086229086229,1.0,,,,,,,,
1314,0.7483912483912484,1.0,,,,,,,,
1315,0.7487129987129987,1.0,,,,,,,,
1316,0.7493564993564994,1.0,,,,,,,,
1317,0.75,1.0,,,,,,,,
1318,0.7501608751608752,1.0,,,,,,,,
1319,0.7504826254826255,1.0,,,,,,,,
1320,0.750965250965251,1.0,,,,,,,,
1321,0.7512870012870013,1.0,,,,,,,,
1322,0.7516087516087516,1.0,,,,,,,,
1323,0.7519305019305019,1.0,,,,,,,,
1324,0.7522522522522522,1.0,,,,,,,,
1325,0.7525740025740025,1.0,,,,,,,,
1326,0.752895752895753,1.0,,,,,,,,
1327,0.7532175032175032,1.0,,,,,,,,
1328,0.7556306306306306,1.0,,,,,,,,
1329,0.7559523809523809,1.0,,,,,,,,
1330,0.756917631917632,1.0,,,,,,,,
1331,0.7572393822393823,1.0,,,,,,,,
1332,0.7575611325611326,1.0,,,,,,,,
1333,0.7578828828828829,1.0,,,,,,,,
1334,0.7594916344916345,1.0,,,,,,,,
1335,0.7598133848133848,1.0,,,,,,,,
1336,0.7612612612612613,1.0,,,,,,,,
1337,0.7615830115830116,1.0,,,,,,,,
1338,0.7631917631917632,1.0,,,,,,,,
1339,0.7635135135135135,1.0,,,,,,,,
1340,0.7654440154440154,1.0,,,,,,,,
1341,0.765926640926641,1.0,,,,,,,,
1342,0.7664092664092664,1.0,,,,,,,,
1343,0.7667310167310167,1.0,,,,,,,,
1344,0.7685006435006435,1.0,,,,,,,,
1345,0.7688223938223938,1.0,,,,,,,,
1346,0.7704311454311454,1.0,,,,,,,,
1347,0.7709137709137709,1.0,,,,,,,,
1348,0.7726833976833977,1.0,,,,,,,,
1349,0.773005148005148,1.0,,,,,,,,
1350,0.7731660231660231,1.0,,,,,,,,
1351,0.7738095238095238,1.0,,,,,,,,
1352,0.7749356499356499,1.0,,,,,,,,
1353,0.7755791505791506,1.0,,,,,,,,
1354,0.7757400257400258,1.0,,,,,,,,
1355,0.7760617760617761,1.0,,,,,,,,
1356,0.7778314028314028,1.0,,,,,,,,
1357,0.7783140283140283,1.0,,,,,,,,
1358,0.7791184041184042,1.0,,,,,,,,
1359,0.7794401544401545,1.0,,,,,,,,
1360,0.7816924066924067,1.0,,,,,,,,
1361,0.782014157014157,1.0,,,,,,,,
1362,0.7823359073359073,1.0,,,,,,,,
1363,0.7826576576576577,1.0,,,,,,,,
1364,0.7849099099099099,1.0,,,,,,,,
1365,0.7852316602316602,1.0,,,,,,,,
1366,0.7903796653796654,1.0,,,,,,,,
1367,0.7907014157014157,1.0,,,,,,,,
1368,0.7913449163449163,1.0,,,,,,,,
1369,0.7916666666666666,1.0,,,,,,,,
1370,0.7935971685971686,1.0,,,,,,,,
1371,0.793918918918919,1.0,,,,,,,,
1372,0.7944015444015444,1.0,,,,,,,,
1373,0.7947232947232947,1.0,,,,,,,,
1374,0.795045045045045,1.0,,,,,,,,
1375,0.7953667953667953,1.0,,,,,,,,
1376,0.8003539253539254,1.0,,,,,,,,
1377,0.8006756756756757,1.0,,,,,,,,
1378,0.8011583011583011,1.0,,,,,,,,
1379,0.8018018018018018,1.0,,,,,,,,
1380,0.8034105534105535,1.0,,,,,,,,
1381,0.8037323037323038,1.0,,,,,,,,
1382,0.8061454311454311,1.0,,,,,,,,
1383,0.8064671814671814,1.0,,,,,,,,
1384,0.8088803088803089,1.0,,,,,,,,
1385,0.8092020592020592,1.0,,,,,,,,
1386,0.8133848133848134,1.0,,,,,,,,
1387,0.8137065637065637,1.0,,,,,,,,
1388,0.8164414414414415,1.0,,,,,,,,
1389,0.8167631917631918,1.0,,,,,,,,
1390,0.8174066924066924,1.0,,,,,,,,
1391,0.8177284427284427,1.0,,,,,,,,
1392,0.8185328185328186,1.0,,,,,,,,
1393,0.8188545688545689,1.0,,,,,,,,
1394,0.8215894465894465,1.0,,,,,,,,
1395,0.821911196911197,1.0,,,,,,,,
1396,0.8225546975546976,1.0,,,,,,,,
1397,0.8228764478764479,1.0,,,,,,,,
1398,0.824002574002574,1.0,,,,,,,,
1399,0.8244851994851995,1.0,,,,,,,,
1400,0.8251287001287001,1.0,,,,,,,,
1401,0.8254504504504504,1.0,,,,,,,,
1402,0.825933075933076,1.0,,,,,,,,
1403,0.8262548262548263,1.0,,,,,,,,
1404,0.8283462033462033,1.0,,,,,,,,
1405,0.8286679536679536,1.0,,,,,,,,
1406,0.8296332046332047,1.0,,,,,,,,
1407,0.829954954954955,1.0,,,,,,,,
1408,0.8323680823680824,1.0,,,,,,,,
1409,0.833011583011583,1.0,,,,,,,,
1410,0.8347812097812097,1.0,,,,,,,,
1411,0.8351029601029601,1.0,,,,,,,,
1412,0.8355855855855856,1.0,,,,,,,,
1413,0.8359073359073359,1.0,,,,,,,,
1414,0.8462033462033463,1.0,,,,,,,,
1415,0.8465250965250966,1.0,,,,,,,,
1416,0.8473294723294723,1.0,,,,,,,,
1417,0.8476512226512226,1.0,,,,,,,,
1418,0.8489382239382239,1.0,,,,,,,,
1419,0.8492599742599742,1.0,,,,,,,,
1420,0.8497425997425997,1.0,,,,,,,,
1421,0.8503861003861004,1.0,,,,,,,,
1422,0.8537644787644788,1.0,,,,,,,,
1423,0.8540862290862291,1.0,,,,,,,,
1424,0.8542471042471043,1.0,,,,,,,,
1425,0.8545688545688546,1.0,,,,,,,,
1426,0.856016731016731,1.0,,,,,,,,
1427,0.8563384813384813,1.0,,,,,,,,
1428,0.8584298584298584,1.0,,,,,,,,
1429,0.8587516087516087,1.0,,,,,,,,
1430,0.8589124839124839,1.0,,,,,,,,
1431,0.8592342342342343,1.0,,,,,,,,
1432,0.8606821106821106,1.0,,,,,,,,
1433,0.861003861003861,1.0,,,,,,,,
1434,0.8638996138996139,1.0,,,,,,,,
1435,0.8642213642213642,1.0,,,,,,,,
1436,0.8658301158301158,1.0,,,,,,,,
1437,0.8661518661518661,1.0,,,,,,,,
1438,0.8679214929214929,1.0,,,,,,,,
1439,0.8682432432432432,1.0,,,,,,,,
1440,0.8684041184041184,1.0,,,,,,,,
1441,0.8687258687258688,1.0,,,,,,,,
1442,0.8716216216216216,1.0,,,,,,,,
1443,0.8719433719433719,1.0,,,,,,,,
1444,0.8730694980694981,1.0,,,,,,,,
1445,0.8733912483912484,1.0,,,,,,,,
1446,0.8735521235521235,1.0,,,,,,,,
1447,0.8738738738738738,1.0,,,,,,,,
1448,0.875965250965251,1.0,,,,,,,,
1449,0.8762870012870013,1.0,,,,,,,,
1450,0.8798262548262549,1.0,,,,,,,,
1451,0.8801480051480052,1.0,,,,,,,,
1452,0.8838481338481339,1.0,,,,,,,,
1453,0.8841698841698842,1.0,,,,,,,,
1454,0.8861003861003861,1.0,,,,,,,,
1455,0.8864221364221364,1.0,,,,,,,,
1456,0.8865830115830116,1.0,,,,,,,,
1457,0.8869047619047619,1.0,,,,,,,,
1458,0.888030888030888,1.0,,,,,,,,
1459,0.8883526383526383,1.0,,,,,,,,
1460,0.8907657657657657,1.0,,,,,,,,
1461,0.8910875160875161,1.0,,,,,,,,
1462,0.8984877734877735,1.0,,,,,,,,
1463,0.8988095238095238,1.0,,,,,,,,
1464,0.8997747747747747,1.0,,,,,,,,
1465,0.900096525096525,1.0,,,,,,,,
1466,0.9031531531531531,1.0,,,,,,,,
1467,0.9041184041184042,1.0,,,,,,,,
1468,0.9057271557271557,1.0,,,,,,,,
1469,0.9060489060489061,1.0,,,,,,,,
1470,0.9062097812097812,1.0,,,,,,,,
1471,0.9065315315315315,1.0,,,,,,,,
1472,0.9126447876447876,1.0,,,,,,,,
1473,0.9129665379665379,1.0,,,,,,,,
1474,0.9152187902187903,1.0,,,,,,,,
1475,0.9155405405405406,1.0,,,,,,,,
1476,0.9216537966537967,1.0,,,,,,,,
1477,0.921975546975547,1.0,,,,,,,,
1478,0.9253539253539254,1.0,,,,,,,,
1479,0.9256756756756757,1.0,,,,,,,,
1480,0.9348455598455598,1.0,,,,,,,,
1481,0.9351673101673101,1.0,,,,,,,,
1482,0.9370978120978121,1.0,,,,,,,,
1483,0.9374195624195624,1.0,,,,,,,,
1484,0.9377413127413128,1.0,,,,,,,,
1485,0.9380630630630631,1.0,,,,,,,,
1486,0.939028314028314,1.0,,,,,,,,
1487,0.9393500643500643,1.0,,,,,,,,
1488,0.9403153153153153,1.0,,,,,,,,
1489,0.9406370656370656,1.0,,,,,,,,
1490,0.9454633204633205,1.0,,,,,,,,
1491,0.9457850707850708,1.0,,,,,,,,
1492,0.9478764478764479,1.0,,,,,,,,
1493,0.9481981981981982,1.0,,,,,,,,
1494,0.9485199485199485,1.0,,,,,,,,
1495,0.949002574002574,1.0,,,,,,,,
1496,0.9493243243243243,1.0,,,,,,,,
1497,0.9496460746460746,1.0,,,,,,,,
1498,0.9605855855855856,1.0,,,,,,,,
1499,0.9609073359073359,1.0,,,,,,,,
1500,0.9649292149292149,1.0,,,,,,,,
1501,0.9652509652509652,1.0,,,,,,,,
1502,0.971042471042471,1.0,,,,,,,,
1503,0.9713642213642214,1.0,,,,,,,,
1504,0.9739382239382239,1.0,,,,,,,,
1505,0.9742599742599742,1.0,,,,,,,,
1506,0.9771557271557272,1.0,,,,,,,,
1507,0.9774774774774775,1.0,,,,,,,,
1508,0.98005148005148,1.0,,,,,,,,
1509,0.9803732303732303,1.0,,,,,,,,
1510,0.9805341055341056,1.0,,,,,,,,
1511,0.9808558558558559,1.0,,,,,,,,
1512,0.9824646074646075,1.0,,,,,,,,
1513,0.9827863577863578,1.0,,,,,,,,
1514,0.9832689832689833,1.0,,,,,,,,
1515,0.9835907335907336,1.0,,,,,,,,
1516,0.9897039897039897,1.0,,,,,,,,
1517,0.9900257400257401,1.0,,,,,,,,
1518,0.9921171171171171,1.0,,,,,,,,
1519,0.9925997425997426,1.0,,,,,,,,
1520,0.9932432432432432,1.0,,,,,,,,
1521,0.9935649935649936,1.0,,,,,,,,
1522,0.9942084942084942,1.0,,,,,,,,
1523,0.9945302445302445,1.0,,,,,,,,
1524,0.9996782496782497,1.0,,,,,,,,
1525,1.0,1.0,,,,,,,,
